<?xml version="1.0" encoding="UTF-8"?>
<beans xmlns="http://www.springframework.org/schema/beans"
       xmlns:xsi="http://www.w3.org/2001/XMLSchema-instance"
       xmlns:context="http://www.springframework.org/schema/context"
       xmlns:mvc="http://www.springframework.org/schema/mvc"
       xsi:schemaLocation="http://www.springframework.org/schema/beans http://www.springframework.org/schema/beans/spring-beans.xsd
        http://www.springframework.org/schema/context http://www.springframework.org/schema/context/spring-context-4.0.xsd http://www.springframework.org/schema/mvc https://www.springframework.org/schema/mvc/spring-mvc.xsd">

    <context:component-scan base-package="io"/> <!-- Component 패키지 지정 -->
    <context:annotation-config/>
    <mvc:annotation-driven />


    <bean class="org.springframework.web.servlet.view.InternalResourceViewResolver">
        <property name="prefix" value="/WEB-INF/views/"/>
        <property name="suffix" value=".jsp"/>
    </bean>


    <bean id="dataSource" class="org.apache.commons.dbcp2.BasicDataSource" destroy-method="close">
        <property name="driverClassName" value="org.mariadb.jdbc.Driver"/>
        <property name="url" value="jdbc:mariadb://106.251.236.250:3306:3306/education"/>
        <property name="username" value="wkm@myasset.io"/>
        <property name="password" value="zkJzmtZk7x63yvMH82TxXFz1ok0qmHtJ"/>
    </bean>


    <!--classPath:는 main/resources를 가르킨다.-->
    <!--MariaDB와 MyBatis를 연결해주는 객체 -->
    <bean id="SqlSessionFactory" class="org.mybatis.spring.SqlSessionFactoryBean">
        <property name="dataSource" ref="dataSource"/>
        <property name="configLocation" value="classpath:/mybatis-config.xml"/>
        <property name="mapperLocations" value="classpath:/mappers/MemberMapper.xml"/>

    </bean>

    <bean id="sqlSession" class="org.mybatis.spring.SqlSessionTemplate">
        <constructor-arg  ref="SqlSessionFactory"/>
    </bean>


    <bean class="org.springframework.web.servlet.view.BeanNameViewResolver">
        <property name="order" value="0"/>
    </bean>

    <bean id="jsonView" class="org.springframework.web.servlet.view.json.MappingJackson2JsonView">
         <property name="contentType" value="application/json;charset=UTF-8" />
     </bean>



<!--org.mybatis.spring.mapper.MapperScannerConfigurer: 컴포넌트 스캔을 통하여 Mapper을 찾기 위한 설정
    mapperInterface을 bean으로 등록할 때 @Mapper 어노테이션을 참조한다
    그 때 정의해주는 것! mapper.xml파일에 namespace에 mapper 경로명을 정확히 써주어야
    bean을 정의 후 sql을 제공해준다
    basePackage : Mapper을 찾는 베이스 패키지
    annotationClass: Mapper을 지정하는 어노테이션 클래스
-->
<!--
    <bean class="org.mybatis.spring.mapper.MapperScannerConfigurer">
        <property name="basePackage" value="io.mapper" />
    </bean>
-->




    </beans>